<?xml version="1.0" encoding="UTF-8"?>
<beans>
	<bean id="dataSource" class="com.mchange.v2.c3p0.ComboPooledDataSource" destroy-method="close">
	   <property name="driverClass" value="oracle.jdbc.driver.OracleDriver" />
	   <property name="jdbcUrl" value="jdbc:oracle:thin:@10.12.140.151:1521:krcs" />
	   <property name="user" value="krcs" />
	   <property name="password" value="krcs" />
	   <property name="minPoolSize" value="5" />
	   <property name="maxPoolSize" value="30"/>  
	   <property name="initialPoolSize" value="5"/>
	   <property name="maxIdleTime" value="25000"/>
	   <property name="acquireIncrement" value="5"/>
	   <property name="acquireRetryAttempts" value="30"/>
	   <property name="acquireRetryDelay" value="1000"/>
	   <property name="testConnectionOnCheckin" value="true"/>
	   <property name="idleConnectionTestPeriod" value="18000"/>
	   <property name="checkoutTimeout" value="3000"/>
	</bean>
	
	<bean id="threaParam" class="com.szkingdom.submission.datacheck.ThreadParam">
		<property name="basicCheckThreadNum" value="20"/>
		<property name="logicCheckZqgsNum" value="3"></property>
		<property name="procThreadNum" value="40"></property>
	</bean>
	
	<bean id="dataCheckProperty" class="com.szkingdom.submission.datacheck.DataCheckProperty">
		<property name="rootDir" value="D:\ZJ\"/>
		<property name="successFileDir" value="D:\ZJ\证金端\successfile\"/>
		<property name="failFileDir" value="D:\ZJ\证金端\failfile\"/>
		<property name="reportFileDir" value="x:\tjjc\SEND\"/>
		<property name="backupEncryptFileDir" value="D:\ZJ\证金端\copyjmfile\"/>
		<property name="workSpaceFileDir" value="D:\ZJ\证金端\workspace\"/>
		<!-- 是否在周五（数据日期）检查全量标记 -->
		<property name="checkQOnFri" value="true"/>
		<property name="fileEncoding" value="utf-8"/>
		<property name="submissionFileCount" value="1"/>
		<property name="dataFileCount" value="31"/>
		<property name="dataNumPerInsert"  value="1500"></property>
		<property name="stopTimeBegin" value="10"/>
		<property name="stopTimeEnd" value="10"/>
		<property name="decryptKeyMap" >
			<map>
				<entry  key="10830000" value="YDZQ_1234567890a"></entry>
				<entry key ="10150000" value="DBZQ_1234567890a"></entry>
				<entry key ="13470000" value="GKZQ_1234567890a"></entry>
				<entry key ="13480000" value="TPYZQ_1234567890"></entry>
				<entry key ="11080000" value="CCZQ_1234567890a"></entry>
				<entry key ="10900000" value="CCGR_1234567890a"></entry>
				<entry key ="10480000" value="LXZQ_1234567890a"></entry>
				<entry key ="13170000" value="WHZQ_1234567890a"></entry>
				<entry key ="10880000" value="TXZQ_1234567890a"></entry>
				<entry  key ="10290000" value="GXZQ_1234567890a"/>
				<entry  key ="10140000" value="DTZQ_1234567890a"/>
				<entry  key ="10230000" value="GFZQ_1234567890a"/>
				<entry  key ="13660000" value="AXZQ_1234567890a"/>
				<entry  key ="10940000" value="XYZQ_1234567890a"/>
				<entry  key ="10430000" value="HTZQ_1234567890a"/>
		        <entry  key ="13410000" value="CTZQ_1234567890a"/>
				<entry  key ="13180000" value="ZSZQ_1234567890a"/>
				<entry  key ="10240000" value="GHZQ_1234567890a"/>
				<entry  key ="10990000" value="ZJGS_1234567890a"/>
				<entry  key ="11020000" value="ZXZQ_1234567890a"/>
				<entry  key ="11170000" value="GYZQ_1234567890a"/>
				<entry  key ="13160000" value="DWZQ_1234567890a"/>
				<entry  key ="10460000" value="HXZQ_1234567890a"/>
				<entry  key ="13140000" value="CDZQ_1234567890a"/>
				<entry  key ="10910000" value="XCZQ_1234567890a"/>
				<entry  key ="11200000" value="HXZQ_1234567890a"/>
				<entry  key ="10890000" value="XNZQ_1234567890a"/>
				<entry  key ="10200000" value="GDZQ_1234567890a"/>
				<entry  key ="10720000" value="SYWG_1234567890a"/>
				<entry  key ="13570000" value="ZTZQ_1234567890a"/>
				<entry  key ="10050000" value="CCZQ_1234567890a"/>
				<entry  key ="10820000" value="ZXWT_1234567890a"/>
				<entry  key ="12710000" value="ZXZQ_1234567890a"/>
				<entry  key ="13500000" value="HFZQ_1234567890a"/>
				<entry  key ="10380000" value="HYZQ_1234567890a"/>
				<entry  key ="10620000" value="PAZQ_1234567890a"/>
				<entry  key ="10970000" value="FZZQ_1234567890a"/>
				<entry  key ="13130000" value="MZZQ_1234567890a"/>
				<entry  key ="10090000" value="GJZQ_1234567890a"/>
				<entry  key ="10180000" value="DYCY_1234567890a"/>
				<entry  key ="13420000" value="SDZQ_1234567890a"/>
				<entry  key ="10830000" value="YDZQ_1234567890a"/>
				<entry  key ="10060000" value="CJZQ_1234567890a"/>
				<entry  key ="10160000" value="DFZQ_1234567890a"/>
				<entry  key ="10270000" value="GTJA_1234567890a"/>
				<entry  key ="10280000" value="ZSZQ_1234567890a"/>
				<entry  key ="10330000" value="HTZQ_1234567890a"/>
				<entry  key ="11620000" value="GDZQ_1234567890a"/>
				<entry  key ="12360000" value="QLZQ_1234567890a"/>
				<entry  key ="13590000" value="ZXJT_1234567890a"/>
				<entry  key ="13690000" value="YHZQ_1234567890a"/>
				<entry  key ="10040000" value="BHZQ_1234567890a"/>
				<entry  key ="13710000" value="XDZQ_1234567890a"/>
				<entry  key ="10420000" value="HLZQ_1234567890a"/>
				<entry  key ="10170000" value="DGZQ_1234567890a"/>
				<entry  key ="10710000" value="SHZQ_1234567890a"/>
				<entry  key ="13730000" value="DXZQ_1234567890a"/>
		        <entry  key ="10500000" value="HLZQ_1234567890a"/>
				<entry  key ="10080000" value="DHZQ_1234567890a"/>
				<entry  key ="13230000" value="ZYZQ_1234567890a"/>
				<entry  key ="13510000" value="ZTZQ_1234567890a"/>
				<entry  key ="10780000" value="TFZQ_1234567890a"/>
				<entry  key ="13120000" value="GLZQ_1234567890a"/>
				<entry  key ="13400000" value="DBZQ_1234567890a"/>
				<entry  key ="12970000" value="RXZQ_1234567890a"/>
				<entry  key ="13270000" value="ZHZQ_1234567890a"/>
				<entry  key ="11100000" value="DTZQ_1234567890a"/>
				<entry  key ="13080000" value="HBZQ_1234567890a"/>
				<entry  key ="10760000" value="SCZQ_1234567890a"/>
				<entry  key ="13370000" value="ZYZQ_1234567890a"/>
				<entry  key ="13110000" value="HTZQ_1234567890a"/>
				<entry  key ="13720000" value="HRZQ_1234567890a"/>
				<entry  key ="13260000" value="JYZQ_1234567890a"/>
				<entry  key ="10680000" value="SXZQ_1234567890a"/>
				<entry  key ="13090000" value="HCZQ_1234567890a"/>
				<entry  key ="13230000" value="ZYZQ_1234567890a"/>
				<entry  key ="13510000" value="ZTZQ_1234567890a"/>
				<entry  key ="10730000" value="WKZQ_1234567890a"/>
				<entry  key ="11380000" value="WLZQ_1234567890a"/>
				<entry  key ="13210000" value="AJZQ_1234567890a"/>
				<entry  key ="10870000" value="XBZQ_1234567890a"/>
                                <entry  key ="10700000" value="HJZQ_1234567890a"/>
                                <entry  key ="13640000" value="YTZQ_1234567890a"/>
                                
                                <entry  key ="10960000" value="ZCZQ_1234567890a"/>
                                <entry  key ="11300000" value="KYZQ_1234567890a"/>
                                <entry  key ="13360000" value="JZZQ_1234567890a"/>
								<entry  key ="13320000" value="GSZQ_1234567890a"/>



         	</map>
		</property>
		<!-- 处理交互日志信息 -->
		<property name="jhjgSql" value="insert into KRCS.T_SJZX_RZRQ_JKSJ_JHJG(SJRQ,ZQGSDM,JYRQ,CHECK_RTN,JYJG,TZBZ,sfsb)  values(?,?,?,?,?,?,?)"/>
	</bean>
	
	<bean id="dao" class="com.szkingdom.submission.datacheck.DbOperImpl">
	</bean>
	<bean id="procDao" class="com.szkingdom.submission.datacheck.DbOperImplWrapper">
	</bean>
	<bean id="cmdRunner" class="com.szkingdom.submission.datacheck.CmdRunner">
	    <property name="zipDir" value="D:\p7zip\bin\"/>
	</bean>
	<bean id="checkservice" class="com.szkingdom.submission.datacheck.CheckService">
	</bean>
	
	
</beans>
