﻿<?xml version="1.0" encoding="UTF-8"?>
<!DOCTYPE log4j:configuration SYSTEM "log4j.dtd">

<log4j:configuration xmlns:log4j="http://jakarta.apache.org/log4j/" debug="false">
	<appender name="CONSOLE" class="org.apache.log4j.ConsoleAppender">
		<param name="Target" value="System.out" />
		<param name="Threshold" value="all" />
		<layout class="org.apache.log4j.PatternLayout">
			<param name="ConversionPattern" value="%d{ABSOLUTE} %-5p [%c %L行] %m%n" />
		</layout>
	</appender>

	<appender name="kdlogFile" class="org.apache.log4j.DailyRollingFileAppender">
		<param name="File" value="D:\\校验程序\\logs\\kdf2.log" />
		<param name="Append" value="true" />
		<param name="DatePattern" value="'.'yyyy-MM-dd" />
		<layout class="org.apache.log4j.PatternLayout">
			<param name="ConversionPattern" value="%d %-5p [%c %L行] %m%n" />
		</layout>
	</appender>
					 
	 <category name="com.szkingdom">
		<priority value="info" />
		<appender-ref ref="kdlogFile"/>
        <appender-ref ref="CONSOLE" />
	</category>

	<root>

    </root>


</log4j:configuration>
