<?xml version="1.0" encoding="gb2312" ?>

<order>
   
	<type id="file">
	
	
		<dict order="1">
			<pro number="1" name="PROC_CHECK_FILENAME">
			</pro>
		
		</dict>
		
		<dict order="2">
			<pro number="1" name="PROC_CHECK_FILE_COLS">
			   <param>cols</param>
			   <param>rows</param>
			</pro>
		</dict>
		<insert>
		   <table name="">
			<field_name></field_name>
            
		   </table>
		</insert>
	</type>
	
	

	<type id="data">
			<dict order="1">
			<pro number="1" name="PROC_CHECK_04">
			   <param name=" ">RPT_C02_TEMP</param>
			   <param>YHDM</param>
			   <param>7</param>
			</pro>
			<pro number="1" name="proc_check_01">
			   <param>

			   </param>

			
			</pro>
			<pro number="1" name="proc_check_01">
			   <param>

			   </param>

			
			</pro>
			<pro number="1" name="proc_check_01">
			   <param>

			   </param>

			
			</pro>
			<pro number="1" name="proc_check_01">
			   <param>

			   </param>

			
			</pro>
			<pro number="1" name="proc_check_01">
			   <param>

			   </param>

			
			</pro>
			<pro number="1"></pro>
		
		</dict>
		
		<dict></dict>
	
	</type>
    
</order>